{"val_loss": [0.5999666452407837, 0.5954110622406006, 0.5806180089712143, 0.5575390830636024, 0.5288419052958488, 0.481607161462307, 0.4307795315980911, 0.3814576528966427, 0.3537271060049534, 0.3003413863480091, 0.27854058519005775, 0.2470230981707573, 0.2512460555881262, 0.2308729626238346, 0.20415235497057438, 0.2103902455419302, 0.16929727420210838, 0.170867333188653, 0.1680728681385517, 0.1573000643402338, 0.15497670508921146, 0.15583877637982368, 0.1709644552320242, 0.13897905219346285, 0.14116123132407665, 0.1367942877113819, 0.13293194398283958, 0.13472266122698784, 0.14506332762539387], "loss": [0.6547876170703343, 0.6284647498811994, 0.6131589370114463, 0.581564222063337, 0.5228538726057325, 0.4520845753805978, 0.39577627182006836, 0.32936666160821915, 0.29145975943122593, 0.2278721843447004, 0.19283187336155347, 0.1778023455824171, 0.16322109528950282, 0.1488745188606637, 0.12560351751744747, 0.11969770384686333, 0.13604627682694367, 0.10978882573544979, 0.10134418920746871, 0.0960029914442982, 0.09012966842523643, 0.08871816896966525, 0.0885600611301405, 0.0917325493480478, 0.07976052883480277, 0.07760786903756005, 0.07313374137239796, 0.07349058559962682, 0.07753444835543633], "val_mrr": [1.0, 1.0, 1.0, 1.0, 1.0, 1.0, 1.0, 1.0, 1.0, 1.0, 1.0, 1.0, 1.0, 1.0, 1.0, 1.0, 1.0, 1.0, 1.0, 1.0, 1.0, 1.0, 1.0, 1.0, 1.0, 1.0, 1.0, 1.0, 1.0], "val_map": [0.8927744789055498, 0.909096725668924, 0.9155637344200086, 0.9285737175665765, 0.9271490501992152, 0.9340036188117173, 0.952978205837164, 0.9627839120473113, 0.9753124754282564, 0.9828251079286694, 0.9834408714754674, 0.9876593311558837, 0.985581579304992, 0.9882046799924373, 0.9923228157817688, 0.9953077937667468, 0.9948089191510244, 0.9934238775997779, 0.9966604010025063, 0.9948089191510244, 0.9948089191510244, 0.9945061286820289, 0.9957923454469507, 0.9948089191510244, 0.9958911702332756, 0.9945061286820289, 0.9958911702332756, 0.9958911702332756, 0.9938133711471662], "train_mrr": [1.0, 1.0, 1.0, 1.0, 1.0, 1.0, 1.0, 1.0, 1.0, 1.0, 1.0, 1.0, 1.0, 1.0, 1.0, 1.0, 1.0, 1.0, 1.0, 1.0, 1.0, 1.0, 1.0, 1.0, 1.0, 1.0, 1.0, 1.0, 1.0], "train_map": [0.8021926059173742, 0.8664989401210248, 0.9004823795396376, 0.929787557498644, 0.9552026916985, 0.9694291992474948, 0.9814849149176134, 0.9845992232117277, 0.9924299033879863, 0.9934701113647041, 0.994629703083079, 0.9963574768372088, 0.9964233529900415, 0.9966078419903199, 0.9969715119249282, 0.9970592328313213, 0.9969868912824128, 0.9972692176516956, 0.9972973280694164, 0.9976109811513538, 0.9975712599089223, 0.9981896890987799, 0.9976390915690746, 0.9972692176516956, 0.9979201957462828, 0.9979792276234963, 0.9984484882706226, 0.9979201957462828, 0.9979792276234963], "test_mrr": [1.0, 1.0, 1.0, 1.0, 1.0, 1.0, 1.0, 1.0, 1.0, 1.0, 1.0, 1.0, 1.0, 1.0, 1.0, 1.0, 1.0, 1.0, 1.0, 1.0, 1.0, 1.0, 1.0, 1.0, 1.0, 1.0, 1.0, 1.0, 1.0], "test_map": [0.605199653997608, 0.7164012307719401, 0.7178163905810965, 0.7382322499419686, 0.8245288045288047, 0.8423065823065824, 0.8674987974987977, 0.8969343814080656, 0.9208009419774126, 0.9000385562150269, 0.9403844578767179, 0.9276571851494452, 0.9198476377423747, 0.959495977878331, 0.9531559290382821, 0.9654108309990664, 0.9405602352583776, 0.947095322977676, 0.9551003734827266, 0.9466208413189837, 0.9495448179271709, 0.9495448179271709, 0.9698064353946708, 0.9546275568256992, 0.9515774478932374, 0.9580589293747188, 0.9447800622723223, 0.960982905982906, 0.9447800622723223]}