{"val_loss": [0.27893339622020724, 0.2895018846988678, 0.29732981538772585, 0.2789904310703278, 0.2906223499774933, 0.28081744265556335, 0.27541210961341855, 0.2973720874786377, 0.28762188482284545, 0.29574154925346374, 0.28670600497722626, 0.27630572056770325, 0.2979576058387756, 0.2885589628219605, 0.2914560227394104, 0.29329694747924806, 0.28299200999736784, 0.2941791729927063, 0.2817014210224152, 0.30024672079086306, 0.28269859504699707, 0.2794550988674164, 0.281706188082695, 0.2741764831542969, 0.2903124399185181, 0.29095764708518984, 0.2754945867061615, 0.2812855166196823, 0.2884760978221893, 0.29559076833724973, 0.2806608201265335, 0.28900252711772917, 0.28453588366508487, 0.28830117619037626, 0.2835316343307495, 0.2945613753795624, 0.28812913501262666, 0.2874106352329254, 0.2846828470230103, 0.28777325987815855, 0.2852044951915741], "val_acc": [0.6039999995231629, 0.5879999995231628, 0.5759999995231628, 0.5979999995231629, 0.5719999995231628, 0.5819999995231628, 0.5879999995231628, 0.5779999995231628, 0.5979999995231629, 0.5559999995231628, 0.5919999995231628, 0.5899999995231628, 0.5799999995231628, 0.5779999995231628, 0.5759999995231628, 0.5859999995231628, 0.5859999995231628, 0.5819999995231628, 0.5959999995231628, 0.5799999995231628, 0.5799999995231628, 0.5979999995231629, 0.6, 0.598, 0.5939999995231628, 0.5739999995231628, 0.6, 0.592, 0.584, 0.5819999995231628, 0.5939999995231628, 0.5899999995231628, 0.5959999995231628, 0.5939999995231628, 0.5819999995231628, 0.5879999995231628, 0.5939999995231628, 0.5819999990463257, 0.5979999995231629, 0.5899999995231628, 0.5879999995231628], "loss": [0.27499519082800994, 0.27387993136097516, 0.25219641626626627, 0.26766329780854603, 0.26235358721915336, 0.25523540063045097, 0.2626701179834054, 0.2547406236966769, 0.2604823918447547, 0.2558385696096263, 0.2578378594655165, 0.2531127534534646, 0.2617448640949074, 0.24576295980099977, 0.24266312577355917, 0.26482055045891667, 0.24166178633237612, 0.25033401909949127, 0.2459668950058926, 0.2458514565822779, 0.2453363763803002, 0.24091290014275554, 0.24718983680859632, 0.25098143487408375, 0.24009513021588863, 0.24593250816496925, 0.24943876961220973, 0.24328017907180804, 0.25117327974342357, 0.24175500949139353, 0.24332459449112087, 0.24731150460198872, 0.24117295746656583, 0.24738721530875185, 0.24090975176369683, 0.2326136911106205, 0.2443764089136615, 0.22776243164520404, 0.2666547910206434, 0.23886412549102348, 0.2505472401877294], "acc": [0.7163581791491792, 0.7203601801794968, 0.7438719360872529, 0.7288644322459252, 0.730365182770199, 0.7413706854023058, 0.7413706854619403, 0.7438719361767047, 0.7438719360276185, 0.7433716859920076, 0.7408704352772433, 0.7458729365278686, 0.7428714358073106, 0.7593796900238259, 0.7603801902143165, 0.7398699350867527, 0.7618809405895041, 0.748874437308061, 0.7578789395591866, 0.7613806904942587, 0.7558779390887537, 0.7648824413995137, 0.7568784393985132, 0.7528764383085612, 0.7638819411195714, 0.7598799400296194, 0.752376188213316, 0.7623811906549322, 0.7518759381180706, 0.764382191125365, 0.7608804403095617, 0.7583791895947974, 0.7603801901844992, 0.7568784393090615, 0.7623811906549322, 0.7733866934659422, 0.7608804403990135, 0.7743871935967984, 0.7358679340862524, 0.7633816909945089, 0.7543771886837488], "val_mrr": [0.7062222222222221, 0.7296666666666667, 0.708857142857143, 0.7514126984126983, 0.7288809523809523, 0.7358571428571428, 0.7286904761904761, 0.7399047619047621, 0.7211904761904762, 0.7428809523809525, 0.7495, 0.7595476190476191, 0.7277142857142859, 0.7584047619047618, 0.7349047619047618, 0.769238095238095, 0.7613809523809523, 0.7413333333333334, 0.7103809523809523, 0.7209047619047618, 0.7791904761904763, 0.7665714285714286, 0.7698571428571429, 0.7519047619047619, 0.7689999999999999, 0.7395238095238095, 0.7684047619047618, 0.7650714285714285, 0.7530476190476192, 0.7563333333333334, 0.7787222222222222, 0.7410476190476188, 0.7963809523809524, 0.7533571428571428, 0.7305238095238096, 0.7254285714285715, 0.750857142857143, 0.7063809523809524, 0.7408571428571429, 0.6753809523809524, 0.7427142857142859], "val_map": [0.6443916698160743, 0.660426480221718, 0.6376002897455281, 0.6684619488536155, 0.6600256676744771, 0.6414620307382214, 0.667124795288486, 0.6391272045855381, 0.6290176146384481, 0.6544184397833205, 0.6561992283950617, 0.6638413044847569, 0.6577435878054925, 0.6674321208112874, 0.6544603237591333, 0.6819098985890654, 0.6663670288485765, 0.659571595490048, 0.6431231701940036, 0.6564455908289242, 0.6873308232552279, 0.6629610670194004, 0.6651350277147897, 0.6624957545981354, 0.658845600277148, 0.6527614355001261, 0.6696058988410181, 0.6590237937767699, 0.6631365677752582, 0.6748637408667172, 0.6751885991433612, 0.6560729623330817, 0.6711694570420761, 0.6659533478206098, 0.6481353017132779, 0.6285185783572689, 0.6481394022423784, 0.6382646573444192, 0.6587096686822878, 0.6298341490299822, 0.6552515054169816], "train_mrr": [0.9531388888888886, 0.9474424603174603, 0.9561865079365081, 0.958936507936508, 0.9575198412698411, 0.9636388888888888, 0.9641944444444445, 0.9653333333333332, 0.966888888888889, 0.9579920634920635, 0.9691111111111111, 0.9730555555555556, 0.9744305555555556, 0.9764861111111113, 0.9737361111111111, 0.9738194444444446, 0.9773611111111111, 0.9760694444444443, 0.9838472222222222, 0.9811805555555556, 0.9814365079365079, 0.9813333333333333, 0.9791309523809524, 0.9798333333333332, 0.9825833333333333, 0.98775, 0.9782976190476189, 0.9914999999999999, 0.9882222222222222, 0.9912142857142857, 0.9864999999999999, 0.9863333333333333, 0.978625, 0.9787142857142855, 0.9794166666666666, 0.9857222222222223, 0.9818055555555556, 0.9915555555555555, 0.9865555555555555, 0.9913333333333333, 0.9872142857142856], "train_map": [0.9075004086356765, 0.9212886101662887, 0.9205828632842028, 0.9299862717309143, 0.934353696617536, 0.9378378236016627, 0.9481438255857901, 0.9466486040249436, 0.9487482993197282, 0.9445366000566894, 0.9513637329931974, 0.9560020030234316, 0.9636030517762658, 0.9651106575963719, 0.9610208522297811, 0.9612620299508694, 0.9679518613000756, 0.9641121693121694, 0.9732612433862434, 0.9717431972789115, 0.9699794973544972, 0.9685171957671956, 0.9670747354497354, 0.9725103930461071, 0.9720300925925927, 0.9741618165784834, 0.9691937830687829, 0.9811699735449736, 0.9816541005291005, 0.9818485449735449, 0.9802394179894179, 0.9792394179894177, 0.972134259259259, 0.9690727513227512, 0.9705645943562609, 0.9765598544973544, 0.9736421957671957, 0.9841898148148148, 0.9794814814814815, 0.9755892857142855, 0.9782261904761902], "test_mrr": [0.7148809523809525, 0.6261904761904761, 0.6321428571428571, 0.6979591836734693, 0.6529761904761905, 0.724702380952381, 0.7104591836734694, 0.7038690476190477, 0.6738945578231293, 0.712797619047619, 0.6473214285714286, 0.6748015873015873, 0.714625850340136, 0.7074829931972789, 0.7711734693877551, 0.6830357142857144, 0.7235544217687074, 0.7678571428571429, 0.7750850340136054, 0.6842261904761904, 0.6997448979591837, 0.7886904761904763, 0.7453231292517006, 0.754251700680272, 0.7303571428571428, 0.7297619047619047, 0.7301587301587301, 0.7134920634920635, 0.7374999999999999, 0.7348639455782313, 0.6447278911564626, 0.7142857142857143, 0.6729591836734693, 0.7616496598639456, 0.7753401360544216, 0.6935941043083901, 0.7283163265306122, 0.6956349206349205, 0.7422619047619047, 0.7404761904761904, 0.7134353741496599],