{"val_loss": [0.6689563485292288, 0.7153279712566962, 0.7776417709313906, 1.0032222729462843, 1.0666202490146344, 0.9146107412301577, 1.4610955302531903, 1.5165170018489544, 1.269203896705921, 1.7639122146826525, 2.1387021220647373], "loss": [0.6383710741996765, 0.5748747688531876, 0.5222506791353225, 0.43997528493404386, 0.35509672582149504, 0.384094425290823, 0.25761448562145234, 0.19766390234231948, 0.1755884011462331, 0.1515896102041006, 0.09306398302316665], "val_mrr": [0.5542735042735043, 0.4102564102564103, 0.5910256410256409, 0.5232905982905983, 0.502991452991453, 0.4989316239316238, 0.5143162393162393, 0.5958180708180708, 0.5127547666009205, 0.5084249084249085, 0.5134032634032634], "val_map": [0.4788733717941318, 0.45133400967139914, 0.4492940637141721, 0.44702760504202527, 0.4344310544877001, 0.46433845998749174, 0.4298122612198938, 0.4605132084124396, 0.45146628003979394, 0.45895092493032885, 0.4531297501262437], "train_mrr": [0.7340000000000001, 0.8448333333333332, 0.93, 0.96, 0.97, 0.98, 0.98, 0.98, 0.98, 0.98, 0.98], "train_map": [0.5554285744921039, 0.6601314883879188, 0.7556395393176423, 0.8289043735830092, 0.9147887252577124, 0.8940770927105549, 0.9485092547200898, 0.9647293622721449, 0.9616631375604154, 0.9706642643027575, 0.9766605401169417], "test_mrr": [0.5216727716727717, 0.44358974358974357, 0.5343904633378318, 0.4835164835164835, 0.6243589743589743, 0.5676282051282051, 0.45226603461897585, 0.5467032967032968, 0.5423992673992675, 0.4561355311355312, 0.4807692307692308], "test_map": [0.3921491744908491, 0.3693221433558241, 0.3824318291720825, 0.3789488972671782, 0.3916698849672621, 0.37484053578447935, 0.34598520727241716, 0.3692677428823155, 0.3812578736484309, 0.3593776495596028, 0.36508802784408584]}