{
  "desc": "lstm note: 256; embedding trainable: False, use my word vector and vocab; batchsize: 30",
  "val_loss": [
    0.7621810344549326,
    0.8166517042196714,
    0.8925777054750003,
    0.9351661938887376,
    1.3132830904080317,
    1.4636636147132287,
    2.1098757202808676,
    2.090258469948402,
    2.1435954570770264,
    2.5829264659147997,
    2.8971405625343323,
    3.3020903055484476,
    3.1239602107268114,
    3.7041885486015906,
    3.495286354651818,
    4.157333190624531,
    3.4416930125309873,
    3.425292427723224,
    3.1686308475641103,
    2.656186718207139,
    3.01693004828233,
    3.301425814628601,
    3.2575634717941284,
    3.7851438430639415,
    3.542204132446876,
    3.5500184847758365,
    3.659632050074064,
    3.7508579675967875,
    3.848728354160602,
    3.9046340447205763,
    3.9169260538541355,
    3.957813941515409,
    4.008874352161701,
    4.052156815162072,
    4.064108096636259,
    4.101411159221943,
    4.07476727779095,
    4.112354947970464,
    4.156790219820463,
    4.157476434340844,
    4.193525057572585,
    4.213147621888381
  ],
  "loss": [
    0.6257100665569305,
    0.5401826971769332,
    0.47016477942466733,
    0.4005918499827385,
    0.2987081146240234,
    0.22118032559752465,
    0.1438619726151228,
    0.12952609051018954,
    0.083528413195163,
    0.06349133478477598,
    0.045935496482998134,
    0.033535153227858244,
    0.019997626659460366,
    0.01583289967151359,
    0.008371556988568046,
    0.006059532593353651,
    0.01553259255073499,
    0.012944296509958804,
    0.01766518448246643,
    0.059970503862714394,
    0.05960062191821635,
    0.024767053788527848,
    0.026861471785232426,
    0.01785126382834278,
    0.012499604045879097,
    0.0057256033190060404,
    0.0020355403114808725,
    0.002131481574760983,
    0.0017972187203122304,
    0.0017626854531408752,
    0.0015528484232345363,
    0.0017263990739593282,
    0.0015973202166787814,
    0.0016447380467434413,
    0.0013614408155990531,
    0.0013269356877208338,
    0.0016611530398586182,
    0.0017068260348241894,
    0.0014860019129991997,
    0.0015029474612310877,
    0.0011685080714232755,
    0.0014442461086582625
  ],
  "val_mrr": [
    0.49882478632478633,
    0.4847779671309083,
    0.5458557782087194,
    0.5652930402930403,
    0.5991758241758242,
    0.5412393162393162,
    0.48989151873767256,
    0.5122171945701358,
    0.4888231426692965,
    0.6064407814407814,
    0.5367521367521367,
    0.530540293040293,
    0.4865384615384615,
    0.5208791208791209,
    0.47469005353620736,
    0.5181623931623931,
    0.5115384615384616,
    0.4779257067718606,
    0.5503080253080254,
    0.5793803418803418,
    0.5199095022624435,
    0.647008547008547,
    0.5802197802197802,
    0.6384992458521871,
    0.630379587732529,
    0.5946958270487682,
    0.6355993679523091,
    0.6355993679523091,
    0.6362026862026862,
    0.5586762910292322,
    0.6420096243625656,
    0.6420096243625656,
    0.6426129426129427,
    0.6038308913308913,
    0.6426129426129427,
    0.6814407814407814,
    0.6818634357095896,
    0.6426129426129427,
    0.6426129426129427,
    0.6429792429792429,
    0.6426129426129427,
    0.6426129426129427
  ],
  "val_map": [
    0.4524666554444092,
    0.4405660369658918,
    0.4599715904163158,
    0.46860445069999684,
    0.4675565537476487,
    0.4595006311374672,
    0.4553628998451555,
    0.4416978499886287,
    0.4582166517672213,
    0.4504325463127402,
    0.4645982410389612,
    0.4583407518572877,
    0.4507138857757501,
    0.45535023757951776,
    0.45043729606322014,
    0.4573577040670186,
    0.4607507233174559,
    0.45277950679821,
    0.47019217592517176,
    0.46192522642573575,
    0.4730062776278261,
    0.49695270877748243,
    0.47261593740709196,
    0.483754766388969,
    0.48376708439828076,
    0.48244289529444584,
    0.4833848033269064,
    0.4843719488148344,
    0.48362543054437535,
    0.4785613487129861,
    0.48353980087572085,
    0.4830393669491736,
    0.48267949524618514,
    0.481741852188463,
    0.4836015771455781,
    0.48757683083259096,
    0.4879248376410764,
    0.48447433077953733,
    0.4833362642200981,
    0.4843271321636945,
    0.4858556267186581,
    0.48414257036820785
  ],
  "train_mrr": [
    0.7816666666666667,
    0.8922222222222222,
    0.925,
    0.9666666666666666,
    0.98,
    0.98,
    0.98,
    0.98,
    0.98,
    0.98,
    0.98,
    0.98,
    0.98,
    0.98,
    0.98,
    0.98,
    0.98,
    0.98,
    0.98,
    0.98,
    0.98,
    0.98,
    0.98,
    0.98,
    0.98,
    0.98,
    0.98,
    0.98,
    0.98,
    0.98,
    0.98,
    0.98,
    0.98,
    0.98,
    0.98,
    0.98,
    0.98,
    0.98,
    0.98,
    0.98,
    0.98,
    0.98
  ],
  "train_map": [
    0.6236462138709659,
    0.729001119874901,
    0.8438470844024374,
    0.9122785976674657,
    0.9483956221650591,
    0.9594481407793406,
    0.9664867874269176,
    0.9789223730184301,
    0.974605854503692,
    0.9792233821733821,
    0.9796995726495726,
    0.979409029348919,
    0.9797884615384614,
    0.9799166666666668,
    0.9799166666666668,
    0.9799166666666668,
    0.9799166666666668,
    0.9799166666666668,
    0.9799166666666668,
    0.9722768398268399,
    0.9799166666666668,
    0.9788777056277056,
    0.9797884615384617,
    0.9797598039215687,
    0.9799166666666668,
    0.9799166666666668,
    0.9799166666666668,
    0.9799166666666668,
    0.9799166666666668,
    0.9799166666666668,
    0.9799166666666668,
    0.9799166666666668,
    0.9799166666666668,
    0.9799166666666668,
    0.9799166666666668,
    0.9799166666666668,
    0.9799166666666668,
    0.9799166666666668,
    0.9799166666666668,
    0.9799166666666668,
    0.9799166666666668,
    0.9799166666666668
  ],
  "test_mrr": [
    0.5193223443223444,
    0.4807109557109557,
    0.5923992673992674,
    0.47371794871794876,
    0.6019230769230769,
    0.5672494172494172,
    0.5435897435897435,
    0.36346153846153845,
    0.4912393162393162,
    0.43663003663003663,
    0.49004884004884003,
    0.48565323565323565,
    0.4753968253968254,
    0.47970085470085466,
    0.4846153846153846,
    0.49389499389499386,
    0.49059829059829063,
    0.48461538461538456,
    0.39389499389499394,
    0.41602564102564094,
    0.4854700854700856,
    0.4438034188034188,
    0.46184371184371176,
    0.4975274725274725,
    0.48363858363858364,
    0.44261294261294254,
    0.4387667887667887,
    0.4387667887667887,
    0.47722832722832725,
    0.4644078144078143,
    0.47722832722832725,
    0.4644078144078143,
    0.4644078144078143,
    0.4644078144078143,
    0.4644078144078143,
    0.4644078144078143,
    0.4644078144078143,
    0.45158730158730154,
    0.4644078144078143,
    0.4644078144078143,
    0.4644078144078143,
    0.4644078144078143
  ],
  "test_map": [
    0.36757469673052934,
    0.3606584888630745,
    0.39483978244318957,
    0.3598680074591097,
    0.36126268512389037,
    0.3534333341441449,
    0.35819289708528596,
    0.32363105069485143,
    0.35751918291524115,
    0.32939270179508456,
    0.3444389575748029,
    0.3439408985603184,
    0.32953670794383894,
    0.33483612658655026,
    0.3353156807693711,
    0.34325703394697094,
    0.3330531016641031,
    0.3381425879948743,
    0.32911255178391385,
    0.34126759921405814,
    0.35852036644804264,
    0.3465216002413079,
    0.3519113799190459,
    0.35643978228808326,
    0.3531709170868417,
    0.3474004565815955,
    0.3466520890903533,
    0.3450890002934917,
    0.34962092547112456,
    0.34766850845659525,
    0.3498847364054275,
    0.3457038019110532,
    0.347014775252046,
    0.3477676438363242,
    0.3483037550949143,
    0.34824840028664666,
    0.3493836827823599,
    0.3461738270878634,
    0.3489195271212602,
    0.34763706087657414,
    0.3475453935004941,
    0.34863527607320094
  ]
}