{
  "val_loss": [
    0.7567776235250326,
    0.8493918684812692,
    1.11477137528933,
    1.2339284786811242,
    1.5371223917374244,
    1.9162755012512207,
    2.1040240021852346,
    2.159151838375972,
    2.3402976943896365,
    2.5449146124032826,
    2.564843462063716,
    2.621789189485403,
    2.7160684237113366
  ],
  "loss": [
    0.6179492551088334,
    0.4700628823041916,
    0.3118161454796791,
    0.1835397230088711,
    0.0936423234641552,
    0.05239009597338736,
    0.03514170940034091,
    0.01987248991848901,
    0.012209765377920121,
    0.007197844333713874,
    0.00391544975573197,
    0.004137105061672628,
    0.003797430495615117
  ],
  "val_mrr": [
    0.6022435897435897,
    0.6679281502810915,
    0.6599358974358973,
    0.5060897435897436,
    0.6146367521367521,
    0.5997127872127872,
    0.6042152292152292,
    0.6083333333333333,
    0.6413573526576622,
    0.640587044534413,
    0.640491452991453,
    0.6411782661782662,
    0.6411782661782662
  ],
  "val_map": [
    0.4741206144343359,
    0.4730517957356538,
    0.498908270269848,
    0.4679423699782909,
    0.4906509376042988,
    0.48509207997474085,
    0.47977470409101797,
    0.4860975793996084,
    0.48686610467051444,
    0.4883252988898432,
    0.4908147873888462,
    0.489068831518928,
    0.48870316649070344
  ],
  "train_mrr": [
    0.9058333333333334,
    0.9466666666666665,
    0.98,
    0.98,
    0.98,
    0.98,
    0.98,
    0.98,
    0.98,
    0.98,
    0.98,
    0.98,
    0.98
  ],
  "train_map": [
    0.7614539329307537,
    0.9074713918272072,
    0.9679880496173845,
    0.9738998701209013,
    0.9796944444444443,
    0.9796097612958227,
    0.9799166666666668,
    0.9799166666666668,
    0.9799166666666668,
    0.9799166666666668,
    0.9799166666666668,
    0.9799166666666668,
    0.9799166666666668
  ],
  "test_mrr": [
    0.48356906251643095,
    0.5003663003663004,
    0.4242979242979243,
    0.43333333333333335,
    0.44844322344322346,
    0.46923076923076923,
    0.4958791208791208,
    0.5162393162393162,
    0.514041514041514,
    0.5076312576312576,
    0.5057997557997558,
    0.5057997557997558,
    0.5057997557997558
  ],
  "test_map": [
    0.3272150278628549,
    0.3542853856014814,
    0.3311158927228787,
    0.3330457056265112,
    0.3345661658214813,
    0.34291215775249373,
    0.3299383166050221,
    0.34035118427113653,
    0.3353170610827322,
    0.33586709260020303,
    0.3344474808624645,
    0.33661901116837833,
    0.3391964988833879
  ]
}