{
  "val_loss": [
    0.774811041660798,
    0.7279724249472985,
    0.7994447763149555,
    0.8664992130719699,
    1.030995555413075,
    0.8838691925391172,
    0.9093828965456058,
    1.2915359338124592,
    1.2104753103011694,
    1.401906010432121,
    1.4456079525825305,
    1.7980757309840276,
    2.3859842251508665,
    1.836920725993621,
    1.962145169576009,
    1.9504704903333614,
    2.5042404578282285,
    2.480909078549116,
    2.764263862218612,
    2.662382419292743,
    2.5118504670950084,
    3.0226040253272424,
    2.7826202465937686,
    3.290925661722819,
    2.8647858668596315
  ],
  "loss": [
    0.6498176590601603,
    0.5677902531623841,
    0.5336647288004557,
    0.4913005300362905,
    0.4455129865805308,
    0.40378563086191815,
    0.3468327975273132,
    0.27615332484245303,
    0.22706482609113057,
    0.18188415348529816,
    0.14493097444375355,
    0.1133682390054067,
    0.07790246958533922,
    0.07605752795934677,
    0.07305788238843282,
    0.04756155197819074,
    0.03570467213789622,
    0.036128429224093754,
    0.04207615678509077,
    0.027711073694129784,
    0.02124180386463801,
    0.020510280579328535,
    0.016781303683916726,
    0.014168827111522357,
    0.01203202072530985
  ],
  "val_mrr": [
    0.5648351648351648,
    0.5694331983805667,
    0.6051282051282051,
    0.696886446886447,
    0.6503944773175542,
    0.6501831501831502,
    0.6366239316239317,
    0.6464478503952188,
    0.5991340530814214,
    0.5472109761583446,
    0.5388278388278388,
    0.548018648018648,
    0.5023881347410759,
    0.45421245421245426,
    0.680276134122288,
    0.5237179487179487,
    0.5223589051524274,
    0.576007326007326,
    0.5216783216783217,
    0.4504578754578754,
    0.45528360528360523,
    0.5217948717948716,
    0.4898351648351649,
    0.4898351648351648,
    0.45128205128205123
  ],
  "val_map": [
    0.47007369836250973,
    0.4743978686021952,
    0.4647396306510733,
    0.46765713245251056,
    0.4617789827452348,
    0.4716087650023297,
    0.4780482098814864,
    0.46485196120184,
    0.4759678123440777,
    0.47603980357768855,
    0.4721389358419646,
    0.4707611384525769,
    0.46529398401932526,
    0.46487427689524413,
    0.5088570867213251,
    0.4700878436314404,
    0.4609019823581458,
    0.4723751574837546,
    0.4775261340070229,
    0.46805021269088876,
    0.4628184240121518,
    0.47111406582980436,
    0.4695405984670745,
    0.47405708451151773,
    0.46412936068117194
  ],
  "train_mrr": [
    0.690151515151515,
    0.7408333333333332,
    0.845,
    0.8756666666666668,
    0.9083333333333334,
    0.9333333333333335,
    0.94,
    0.955,
    0.97,
    0.98,
    0.98,
    0.98,
    0.98,
    0.98,
    0.98,
    0.98,
    0.98,
    0.98,
    0.98,
    0.98,
    0.98,
    0.98,
    0.98,
    0.98,
    0.98
  ],
  "train_map": [
    0.530345380035563,
    0.6110220173762247,
    0.6643312932003811,
    0.7369642601837633,
    0.7800459539111293,
    0.8388036717865275,
    0.8804309277458008,
    0.9163797275373815,
    0.9418316991613531,
    0.9581750855165876,
    0.9726410361861162,
    0.9776632050838685,
    0.9757944169216661,
    0.976972469795999,
    0.9783934039816393,
    0.9796709150326797,
    0.9796995726495726,
    0.9795603980986334,
    0.9798431372549019,
    0.9798333333333333,
    0.9799166666666668,
    0.9799166666666668,
    0.9799166666666668,
    0.979264319014319,
    0.9796299755799757
  ],
  "test_mrr": [
    0.5136094674556213,
    0.5085470085470086,
    0.628937728937729,
    0.6256410256410256,
    0.5778721278721278,
    0.552014652014652,
    0.4616605616605617,
    0.5279891049121819,
    0.5240795529257067,
    0.4523199023199024,
    0.4855874894336433,
    0.4275058275058275,
    0.47527472527472525,
    0.454945054945055,
    0.43009768009768007,
    0.41572757308051433,
    0.47445054945054943,
    0.40512820512820513,
    0.3935897435897436,
    0.4012667887667888,
    0.4245984784446323,
    0.42948717948717946,
    0.399969474969475,
    0.4205128205128205,
    0.4403846153846154
  ],
  "test_map": [
    0.3489298763243595,
    0.35345234626593963,
    0.373955441818176,
    0.3829734319184896,
    0.36789938078374873,
    0.3688081433075591,
    0.3507617219469542,
    0.3657632112718806,
    0.3721244891659392,
    0.3567520920061328,
    0.34118699758287724,
    0.32755349031806263,
    0.33688915288014765,
    0.32571827476235143,
    0.3293904815149584,
    0.3223505828229927,
    0.33010580457106,
    0.3245272886803535,
    0.31539444934554817,
    0.3224549460875562,
    0.32376131679796616,
    0.32517345228562977,
    0.3171925484611833,
    0.32581382099017603,
    0.3239603908589046
  ]
}