{"val_loss": [0.6340785473585129, 0.5516798496246338, 0.4691147953271866, 0.41574112325906754, 0.40071097388863564, 0.37491315975785255, 0.4179825745522976, 0.41180203948169947, 0.4480454381555319, 0.4504094598814845, 0.45443578902632, 0.5307742711156607, 0.5043734954670072, 0.519172253087163, 0.5034308293834329, 0.566110959276557, 0.5924705751240253, 0.5774182258173823], "loss": [0.6648844592273235, 0.5508676413446665, 0.4158002231270075, 0.28929353784769773, 0.19877629959955812, 0.14627853385172784, 0.11219927063211799, 0.09621074399910867, 0.08581042184960097, 0.0761897211195901, 0.07479415851412341, 0.06803445925470442, 0.06315712846117094, 0.06032275903271511, 0.05910689677693881, 0.054737677972298115, 0.056824863801011816, 0.05022766310139559], "val_mrr": [1.0, 1.0, 1.0, 1.0, 1.0, 1.0, 1.0, 1.0, 1.0, 1.0, 1.0, 1.0, 1.0, 1.0, 1.0, 1.0, 1.0, 1.0], "val_map": [0.8754088499658019, 0.897298616120547, 0.9216706139720847, 0.9296712672539879, 0.9431472844655768, 0.9505533297720798, 0.9470913071706415, 0.9509294871794872, 0.9449469627594627, 0.9473828601953602, 0.9465495268620268, 0.9452579365079365, 0.9489850427350428, 0.9488690476190477, 0.9486587732919255, 0.9460602678571428, 0.9457177020605814, 0.9499654348919054], "train_mrr": [1.0, 1.0, 1.0, 1.0, 1.0, 1.0, 1.0, 1.0, 1.0, 1.0, 1.0, 1.0, 1.0, 1.0, 1.0, 1.0, 1.0, 1.0], "train_map": [0.9374182373559643, 0.9616464057387408, 0.9754623819406842, 0.9801265589277669, 0.9830863228772063, 0.9866446211965341, 0.9890100737264602, 0.9947992979242979, 0.996782879818594, 0.9966168999651143, 0.9979414682539682, 0.9978291316526611, 0.9984243697478992, 0.9985367063492063, 0.9985367063492063, 0.9985367063492063, 0.9984243697478992, 0.9988029970760234], "test_mrr": [1.0, 1.0, 1.0, 1.0, 1.0, 1.0, 1.0, 1.0, 1.0, 1.0, 1.0, 1.0, 1.0, 1.0, 1.0, 1.0, 1.0, 1.0], "test_map": [0.8629689754689756, 0.9021031746031746, 0.9413888888888889, 0.9714285714285713, 0.9666666666666666, 0.976923076923077, 0.976923076923077, 0.9833333333333334, 0.9833333333333334, 0.9833333333333334, 0.9833333333333334, 0.9833333333333334, 0.9833333333333334, 0.9833333333333334, 0.9733333333333334, 0.9733333333333334, 0.9833333333333334, 0.9809090909090908]}