{
  "val_loss": [
    0.41230714321136475,
    0.7018096093088388,
    0.5870176507160068,
    0.4599545761011541,
    0.48818535916507244,
    0.495810370426625,
    0.514935296960175,
    0.478629226796329,
    0.6126992800273001,
    0.660736620426178,
    0.5720226219855249,
    0.7720601360779256,
    0.7169215516187251,
    0.7305953323375434,
    0.7424882790073752,
    0.7100198804400861,
    0.8719798746751621,
    0.8544405974680558,
    0.8071296823909506,
    0.8809779975563288,
    0.9447481057140976,
    0.960290054557845,
    0.9960473364917561,
    1.0014189597568475,
    1.0066625190083869
  ],
  "loss": [
    0.436930688098073,
    0.13866142072947696,
    0.1206416780478321,
    0.10675179655663669,
    0.07654857098532375,
    0.06264807668048888,
    0.05490340091637336,
    0.04109815941774286,
    0.028262180610909127,
    0.03206963543925667,
    0.02624958651722409,
    0.03217311148182489,
    0.02463307537982473,
    0.014798034375417046,
    0.01852257479367836,
    0.01098664370692859,
    0.010385165967818466,
    0.009311585674367961,
    0.008568752209612285,
    0.004628445476555498,
    0.0029588869201688794,
    0.002240359059669572,
    0.0017729545024849358,
    0.0015136250117393502,
    0.001304768592945038
  ],
  "val_mrr": [
    1.0,
    1.0,
    1.0,
    1.0,
    1.0,
    1.0,
    1.0,
    1.0,
    1.0,
    1.0,
    1.0,
    1.0,
    1.0,
    1.0,
    1.0,
    1.0,
    1.0,
    1.0,
    1.0,
    1.0,
    1.0,
    1.0,
    1.0,
    1.0,
    1.0
  ],
  "val_map": [
    0.9458341666621719,
    0.9553667483778261,
    0.94165574673579,
    0.9621062495511026,
    0.9639482438248885,
    0.9573268778481879,
    0.9523876308636623,
    0.963332760989011,
    0.9560565263064548,
    0.960453835868238,
    0.9631356235676088,
    0.9508150005953799,
    0.9570227822727106,
    0.9573111452255474,
    0.955366700781103,
    0.9574776453920476,
    0.9493618360805861,
    0.955417205831608,
    0.955417205831608,
    0.9545114087301587,
    0.9536780753968255,
    0.955417205831608,
    0.9545838724982747,
    0.9573111452255474,
    0.9563230029330574
  ],
  "train_mrr": [
    1.0,
    1.0,
    1.0,
    1.0,
    1.0,
    1.0,
    1.0,
    1.0,
    1.0,
    1.0,
    1.0,
    1.0,
    1.0,
    1.0,
    1.0,
    1.0,
    1.0,
    1.0,
    1.0,
    1.0,
    1.0,
    1.0,
    1.0,
    1.0,
    1.0
  ],
  "train_map": [
    0.9797426937588923,
    0.9886413947863528,
    0.9939684352762084,
    0.9991319444444444,
    0.9991319444444444,
    0.9995404411764706,
    1.0,
    1.0,
    0.9995404411764706,
    0.9995404411764706,
    1.0,
    1.0,
    0.9995404411764706,
    1.0,
    1.0,
    1.0,
    1.0,
    1.0,
    1.0,
    1.0,
    1.0,
    1.0,
    1.0,
    1.0,
    1.0
  ],
  "test_mrr": [
    1.0,
    1.0,
    1.0,
    1.0,
    1.0,
    1.0,
    1.0,
    1.0,
    1.0,
    1.0,
    1.0,
    1.0,
    1.0,
    1.0,
    1.0,
    1.0,
    1.0,
    1.0,
    1.0,
    1.0,
    1.0,
    1.0,
    1.0,
    1.0,
    1.0
  ],
  "test_map": [
    0.9697979797979798,
    0.9909090909090909,
    0.976923076923077,
    0.9909090909090909,
    0.9733333333333334,
    0.9733333333333334,
    0.9733333333333334,
    0.9733333333333334,
    0.9733333333333334,
    0.9809090909090908,
    0.9809090909090908,
    0.9809090909090908,
    0.9809090909090908,
    0.9809090909090908,
    0.9809090909090908,
    0.9809090909090908,
    0.9809090909090908,
    0.9809090909090908,
    0.9809090909090908,
    0.9809090909090908,
    0.9809090909090908,
    0.9809090909090908,
    0.9809090909090908,
    0.9809090909090908,
    0.9809090909090908
  ]
}